SNP	CHR	BP	A1	A2	BETA	SE	P
rs13019891	2	113072292	G	T	-0.480361058756051	0.0319155855594834	3.4012243335025e-51
rs1270942	6	31951083	A	G	0.646874828368948	0.0467610901496707	1.59788664113951e-43
rs9852014	3	129365738	A	G	0.598396207845927	0.0575315359752664	2.44866210770893e-25
rs149543464	6	30432986	G	A	0.501166718023218	0.0483396660192272	3.48129140768663e-25
rs7574865	2	191099907	T	G	-0.336009021129818	0.0341347214147463	7.30389726210648e-23
rs2573219	2	232423957	A	C	0.423372470410069	0.0441220289068646	8.351960696432e-22
rs57651384	6	32956072	G	A	0.499029582552538	0.0566385312275097	1.24279144808102e-18
rs7823055	8	54599116	G	T	-0.263982193239945	0.0302145979527069	2.39575287992466e-18
rs144447022	6	29276442	G	T	0.465725473891006	0.0534124048300753	2.79617397473388e-18
rs35000415	7	128945562	C	T	0.365057093652924	0.0441657109713246	1.38967675559988e-16
rs13208096	6	28257533	C	G	0.445988380530716	0.0540844012047524	1.63571838347126e-16
rs7190807	16	31290589	G	C	0.301936460691545	0.0400887298014701	5.00822542336907e-14
rs45527431	6	26599281	A	G	0.395795786801568	0.0526267800103485	5.44397056393146e-14
rs1464446	3	146883508	G	T	-0.272675088424057	0.0393264791670255	4.10188963494075e-12
rs13212936	6	25588587	C	T	0.310633154128018	0.0517526693060183	1.94585662284281e-09
rs75424836	6	137908046	T	C	0.509688283243631	0.0858195709450758	2.86646640963692e-09
rs1078324	5	149822705	C	A	-0.46292866259625	0.0792124215948426	5.09184930486709e-09
rs512681	2	118692587	C	A	-0.243707019441328	0.0444020485802958	4.05031936004373e-08
rs4661543	1	14902605	T	G	0.274051545140504	0.0502692608657477	4.98982976477565e-08
