SNP	CHR	BP	A1	A2	BETA	SE	P	BETA_fg	SE_fg	P_fg	align_status	dir_consistent	replicated
rs1078324	5	149822705	C	A	-0.46292866259625	0.0792124215948426	5.09184930486709e-09	-0.0168076	0.121816	0.890259	concordant	TRUE	FALSE
rs1270942	6	31951083	A	G	0.646874828368948	0.0467610901496707	1.59788664113951e-43	0.709631	0.0679367	1.53674e-25	concordant	TRUE	TRUE
rs13019891	2	113072292	G	T	-0.480361058756051	0.0319155855594834	3.4012243335025e-51	0.0465943	0.0491197	0.342832	concordant	FALSE	FALSE
rs13212936	6	25588587	C	T	0.310633154128018	0.0517526693060183	1.94585662284281e-09	0.375984	0.0904952	3.25657e-05	concordant	TRUE	TRUE
rs144447022	6	29276442	G	T	0.465725473891006	0.0534124048300753	2.79617397473388e-18	0.6396	0.0892223	7.57705e-13	concordant	TRUE	TRUE
rs1464446	3	146883508	G	T	-0.272675088424057	0.0393264791670255	4.10188963494075e-12	-0.0398309	0.0640592	0.534085	concordant	TRUE	FALSE
rs149543464	6	30432986	G	A	0.501166718023218	0.0483396660192272	3.48129140768663e-25	0.665672	0.0717804	1.79721e-20	concordant	TRUE	TRUE
rs2573219	2	232423957	A	C	0.423372470410069	0.0441220289068646	8.351960696432e-22	-0.0474261	0.0875909	0.588197	concordant	FALSE	FALSE
rs35000415	7	128945562	C	T	0.365057093652924	0.0441657109713246	1.38967675559988e-16	0.226335	0.0634665	0.000362168	concordant	TRUE	TRUE
rs45527431	6	26599281	A	G	0.395795786801568	0.0526267800103485	5.44397056393146e-14	0.615597	0.0923448	2.62361e-11	concordant	TRUE	TRUE
rs4661543	1	14902605	T	G	0.274051545140504	0.0502692608657477	4.98982976477565e-08	0.145617	0.0980334	0.137442	concordant	TRUE	FALSE
rs512681	2	118692587	C	A	-0.243707019441328	0.0444020485802958	4.05031936004373e-08	-0.0338334	0.0623631	0.58746	concordant	TRUE	FALSE
rs57651384	6	32956072	G	A	0.499029582552538	0.0566385312275097	1.24279144808102e-18	0.650275	0.0771446	3.47776e-17	concordant	TRUE	TRUE
rs75424836	6	137908046	T	C	0.509688283243631	0.0858195709450758	2.86646640963692e-09	0.205007	0.202166	0.310557	concordant	TRUE	FALSE
rs7574865	2	191099907	T	G	-0.336009021129818	0.0341347214147463	7.30389726210648e-23	-0.169716	0.0550873	0.002064	concordant	TRUE	TRUE
rs7823055	8	54599116	G	T	-0.263982193239945	0.0302145979527069	2.39575287992466e-18	0.0806552	0.0490559	0.100145	concordant	FALSE	FALSE
rs9852014	3	129365738	A	G	0.598396207845927	0.0575315359752664	2.44866210770893e-25	-0.0511071	0.0898263	0.569386	concordant	FALSE	FALSE
